{
  "project_info": {
    "project_number": "432881005600",
    "firebase_url": "https://projectmgmtcw-default-rtdb.europe-west1.firebasedatabase.app",
    "project_id": "projectmgmtcw",
    "storage_bucket": "projectmgmtcw.appspot.com"
  },
  "client": [
    {
      "client_info": {
        "mobilesdk_app_id": "1:432881005600:android:469b9ca103c665b54af845",
        "android_client_info": {
          "package_name": "com.example.projectmanagement"
        }
      },
      "oauth_client": [
        {
          "client_id": "432881005600-oggj2kea54gqomoddj60isk3l12o1jhq.apps.googleusercontent.com",
          "client_type": 3
        }
      ],
      "api_key": [
        {
          "current_key": "AIzaSyD31vAvWqq53itCrBcVNhHJqsXygi_4uZs"
        }
      ],
      "services": {
        "appinvite_service": {
          "other_platform_oauth_client": [
            {
              "client_id": "432881005600-oggj2kea54gqomoddj60isk3l12o1jhq.apps.googleusercontent.com",
              "client_type": 3
            }
          ]
        }
      }
    },
    {
      "client_info": {
        "mobilesdk_app_id": "1:432881005600:android:fc94b34fbddf2aad4af845",
        "android_client_info": {
          "package_name": "com.uos.project.projectmanagement"
        }
      },
      "oauth_client": [
        {
          "client_id": "432881005600-oggj2kea54gqomoddj60isk3l12o1jhq.apps.googleusercontent.com",
          "client_type": 3
        }
      ],
      "api_key": [
        {
          "current_key": "AIzaSyD31vAvWqq53itCrBcVNhHJqsXygi_4uZs"
        }
      ],
      "services": {
        "appinvite_service": {
          "other_platform_oauth_client": [
            {
              "client_id": "432881005600-oggj2kea54gqomoddj60isk3l12o1jhq.apps.googleusercontent.com",
              "client_type": 3
            }
          ]
        }
      }
    }
  ],
  "configuration_version": "1"
}